date,season,opponent,points_scored,points_allowed
1916-10-07,1916,Willamette,97,0
1916-10-14,1916,Multnomah A.C.,28,0
1916-10-21,1916,California,39,14
1916-11-04,1916,Washington,0,0
1916-11-11,1916,Washington State,12,3
1916-11-25,1916,Oregon State,27,0
1916-11-29,1916,Multnomah A.C.,27,0
1917-01-01,1916,Pennsylvania,14,0
1917-10-13,1917,Multnomah A.C.,14,7
1917-10-20,1917,Washington State,3,26
1917-10-27,1917,Idaho,14,0
1917-11-03,1917,Willamette,14,0
1917-11-10,1917,Mare Island Marines,0,27
1917-11-17,1917,California,21,0
1917-11-29,1917,Oregon State,7,14
1918-10-12,1918,Multnomah A.C.,0,20
1918-11-02,1918,Foundation,41,0
1918-11-09,1918,Fort Lewis,20,3
1918-11-16,1918,Oregon State,13,6
1918-11-23,1918,California,0,6
1918-12-01,1918,Washington,7,0
1919-10-11,1919,Multnomah A.C.,23,0
1919-10-18,1919,Idaho,26,6
1919-11-01,1919,Washington,24,13
1919-11-08,1919,Washington State,0,7
1919-11-15,1919,Oregon State,9,0
1919-11-27,1919,Multnomah A.C.,15,7
1920-01-01,1919,Harvard,6,7
1920-10-09,1920,Multnomah A.C.,7,0
1920-10-23,1920,Idaho,13,7
1920-10-30,1920,Stanford,0,10
1920-11-13,1920,Washington,17,0
1920-11-20,1920,Oregon State,0,0
1920-11-25,1920,Southern California,0,21
1921-10-01,1921,Willamette,7,3
1921-10-08,1921,Pacific,21,7
1921-10-15,1921,Idaho,7,7
1921-10-22,1921,California,0,39
1921-11-05,1921,Washington State,7,7
1921-11-12,1921,Multnomah A.C.,21,7
1921-11-19,1921,Oregon State,0,0
1921-12-26,1921,Hawaii,47,0
1922-01-01,1921,Pearl Harbor,35,5
1922-10-07,1922,Willamette,37,0
1922-10-14,1922,Multnomah A.C.,0,20
1922-10-20,1922,Whitman,6,3
1922-10-28,1922,Idaho,3,0
1922-11-04,1922,Pacific,27,0
1922-11-11,1922,Washington State,13,0
1922-11-18,1922,Oregon State,10,0
1922-11-30,1922,Washington,3,3
1923-09-30,1923,Willamette,40,0
1923-10-13,1923,Pacific,35,7
1923-10-18,1923,Whitman,21,0
1923-10-27,1923,Idaho,0,0
1923-11-03,1923,Washington State,7,13
1923-11-10,1923,Stanford,3,14
1923-11-25,1923,Oregon State,0,6
1923-12-01,1923,Washington,7,26
1924-09-27,1924,Willamette,0,0
1924-10-11,1924,Pacific,20,0
1924-10-18,1924,Stanford,13,28
1924-10-25,1924,Whitman,40,6
1924-11-01,1924,Washington,7,3
1924-11-08,1924,Idaho,0,13
1924-11-15,1924,Washington State,7,7
1924-11-22,1924,Oregon State,7,3
1924-11-29,1924,Multnomah A.C.,0,0
1925-10-03,1925,Multnomah A.C.,0,0
1925-10-10,1925,Idaho,0,6
1925-10-17,1925,Pacific,13,0
1925-10-24,1925,California,0,28
1925-10-31,1925,Stanford,13,35
1925-11-14,1925,Oregon State,13,24
1925-11-28,1925,Washington,14,15
1926-09-25,1926,Willamette,44,0
1926-10-02,1926,Pacific,0,0
1926-10-09,1926,Washington,9,23
1926-10-23,1926,Stanford,12,29
1926-10-30,1926,California,21,13
1926-11-13,1926,Washington State,0,7
1926-11-20,1926,Oregon State,0,16
1927-09-25,1927,Linfield,7,0
1927-10-01,1927,Pacific,31,6
1927-10-08,1927,Idaho,0,0
1927-10-15,1927,California,0,16
1927-10-29,1927,Stanford,0,19
1927-11-12,1927,Oregon State,7,21
1927-11-24,1927,Washington,0,7
1928-09-30,1928,Pacific,45,0
1928-10-06,1928,Stanford,12,26
1928-10-13,1928,Willamette,38,6
1928-10-20,1928,Washington,27,0
1928-10-27,1928,Western Oregon,24,0
1928-11-03,1928,California,0,13
1928-11-17,1928,Oregon State,12,0
1928-11-24,1928,Montana,31,6
1928-11-29,1928,UCLA,26,6
1928-12-25,1928,Hawaii All-Stars,13,2
1929-01-01,1928,Hawaii,6,0
1929-09-29,1929,Pacific,58,0
1929-10-05,1929,Stanford,7,33
1929-10-12,1929,Willamette,34,0
1929-10-19,1929,Idaho,34,7
1929-10-26,1929,Washington,14,0
1929-11-02,1929,UCLA,27,0
1929-11-16,1929,Oregon State,16,0
1929-11-23,1929,Hawaii,7,0
1929-11-28,1929,St. Mary's,6,31
1929-12-07,1929,Florida,6,20
1930-09-15,1930,Pacific,20,0
1930-09-22,1930,Willamette,51,0
1930-09-29,1930,Linfield,6,0
1930-10-04,1930,Drake,14,7
1930-10-18,1930,Washington,7,0
1930-10-25,1930,Idaho,20,6
1930-11-08,1930,UCLA,7,0
1930-11-15,1930,Oregon State,0,15
1930-11-27,1930,St. Mary's,6,7
1931-09-20,1931,Western Oregon,21,6
1931-09-27,1931,Willamette,20,0
1931-10-03,1931,Idaho,9,0
1931-10-10,1931,Washington,13,0
1931-10-17,1931,Southern California,0,53
1931-10-24,1931,North Dakota,0,0
1931-10-31,1931,New York University,14,6
1931-11-14,1931,Oregon State,0,0
1931-11-21,1931,UCLA,13,6
1931-11-26,1931,St. Mary's,0,16
1932-09-23,1932,Pacific,26,6
1932-10-01,1932,Santa Clara,7,0
1932-10-08,1932,Washington,0,0
1932-10-15,1932,UCLA,7,12
1932-10-22,1932,Idaho,32,0
1932-10-29,1932,Gonzaga,13,0
1932-11-05,1932,Oregon State,12,6
1932-11-12,1932,Southern California,0,33
1932-11-24,1932,St. Mary's,0,7
1932-12-17,1932,Louisiana State,12,0
1933-09-23,1933,Linfield,53,0
1933-09-30,1933,Gonzaga,14,0
1933-10-07,1933,Portland,14,7
1933-10-14,1933,Washington,6,0
1933-10-20,1933,Idaho,19,0
1933-10-28,1933,UCLA,7,0
1933-11-04,1933,Utah,26,7
1933-11-11,1933,Oregon State,13,3
1933-11-18,1933,Southern California,0,26
1933-11-30,1933,St. Mary's,13,7
1934-09-23,1934,Gonzaga,13,0
1934-09-30,1934,UCLA,26,3
1934-10-13,1934,Washington,6,16
1934-10-20,1934,Idaho,13,6
1934-10-27,1934,Utah,8,7
1934-11-03,1934,Montana,13,0
1934-11-10,1934,Oregon State,9,6
1934-11-17,1934,Southern California,0,33
1934-11-29,1934,St. Mary's,7,13
1934-12-15,1934,Louisiana State,13,14
1935-09-28,1935,Gonzaga,18,0
1935-10-05,1935,Utah,6,0
1935-10-12,1935,California,0,6
1935-10-19,1935,Idaho,14,0
1935-10-26,1935,UCLA,6,33
1935-11-09,1935,Oregon State,13,0
1935-11-16,1935,Portland,6,0
1935-11-23,1935,Washington,7,6
1935-12-07,1935,St. Mary's,0,18
1936-09-25,1936,Portland,14,0
1936-10-03,1936,Southern California,0,26
1936-10-10,1936,Stanford,7,7
1936-10-17,1936,Idaho,13,0
1936-10-24,1936,Washington State,0,3
1936-10-31,1936,Washington,0,7
1936-11-07,1936,UCLA,0,7
1936-11-14,1936,California,0,28
1936-11-21,1936,Oregon State,0,18
1937-09-24,1937,UCLA,13,26
1937-10-02,1937,Stanford,7,6
1937-10-09,1937,Gonzaga,40,6
1937-10-16,1937,Southern California,14,34
1937-10-23,1937,Oregon State,0,14
1937-11-06,1937,Washington State,10,6
1937-11-13,1937,California,0,26
1937-11-20,1937,Washington,0,14
1937-11-27,1937,San Diego Marines,24,6
1937-12-04,1937,Arizona,6,20
1938-09-24,1938,Washington State,10,2
1938-10-01,1938,UCLA,14,12
1938-10-15,1938,Stanford,16,27
1938-10-22,1938,Fordham,0,26
1938-10-29,1938,Southern California,7,31
1938-11-05,1938,Idaho,19,6
1938-11-12,1938,California,0,20
1938-11-19,1938,Washington,3,0
1938-11-26,1938,Oregon State,0,14
1939-09-30,1939,Southern California,7,7
1939-10-07,1939,Stanford,10,0
1939-10-14,1939,California,6,0
1939-10-21,1939,Gonzaga,7,12
1939-10-28,1939,UCLA,6,16
1939-11-04,1939,Washington State,38,0
1939-11-11,1939,Oregon State,14,19
1939-11-25,1939,Washington,13,20
1940-09-27,1940,San Diego Marines,12,2
1940-10-05,1940,Stanford,0,13
1940-10-12,1940,Washington,0,10
1940-10-19,1940,Southern California,0,13
1940-10-26,1940,Washington State,6,6
1940-11-02,1940,Montana,38,0
1940-11-09,1940,UCLA,18,0
1940-11-16,1940,California,6,14
1940-11-30,1940,Oregon State,20,0
1941-09-27,1941,Stanford,15,19
1941-10-03,1941,Idaho,21,7
1941-10-11,1941,Southern California,20,6
1941-10-18,1941,California,19,7
1941-10-25,1941,UCLA,7,14
1941-11-01,1941,Washington State,0,13
1941-11-11,1941,Santa Clara,21,19
1941-11-22,1941,Washington,19,16
1941-11-29,1941,Oregon State,7,12
1941-12-06,1941,Texas,7,71
1942-09-26,1942,St. Mary's Pre-Flight,9,10
1942-10-03,1942,Washington State,0,7
1942-10-10,1942,Washington,7,15
1942-10-24,1942,Idaho,28,0
1942-10-31,1942,California,7,20
1942-11-07,1942,UCLA,14,7
1942-11-14,1942,Southern California,0,40
1942-11-21,1942,Oregon State,2,39
1945-09-29,1945,Washington,6,20
1945-10-06,1945,Idaho,33,7
1945-10-13,1945,Oregon State,6,19
1945-10-20,1945,Washington State,26,13
1945-10-27,1945,UCLA,0,12
1945-11-03,1945,Washington,0,7
1945-11-10,1945,Washington State,13,20
1945-11-17,1945,California,20,13
1945-12-01,1945,Oregon State,12,13
1946-09-28,1946,Pacific,7,6
1946-10-05,1946,California,14,13
1946-10-12,1946,Montana,34,0
1946-10-19,1946,Washington State,0,0
1946-10-26,1946,Idaho,26,13
1946-11-02,1946,Southern California,0,43
1946-11-09,1946,UCLA,0,14
1946-11-16,1946,Washington,0,16
1946-11-23,1946,Oregon State,0,13
1947-09-20,1947,Montana State,27,14
1947-09-27,1947,Texas,13,38
1947-10-04,1947,Nevada,6,13
1947-10-11,1947,UCLA,7,24
1947-10-18,1947,Washington,6,0
1947-10-25,1947,San Francisco,34,7
1947-11-01,1947,Idaho,34,7
1947-11-08,1947,Washington State,12,6
1947-11-15,1947,Stanford,21,6
1947-11-22,1947,Oregon State,14,6
1948-09-18,1948,Santa Barbara,55,7
1948-09-25,1948,Stanford,20,12
1948-10-02,1948,Michigan,0,14
1948-10-09,1948,Idaho,15,8
1948-10-16,1948,Southern California,8,7
1948-10-23,1948,Washington State,33,7
1948-10-30,1948,St. Mary's,14,13
1948-11-06,1948,Washington,13,7
1948-11-12,1948,UCLA,26,7
1948-11-20,1948,Oregon State,10,0
1949-01-01,1948,Southern Methodist,13,21
1949-09-16,1949,St. Mary's,24,7
1949-09-24,1949,Idaho,41,0
1949-09-30,1949,UCLA,27,35
1949-10-08,1949,Washington State,21,0
1949-10-15,1949,Colorado,42,14
1949-10-22,1949,Southern California,13,40
1949-10-29,1949,Iowa,31,34
1949-11-05,1949,Washington,27,28
1949-11-12,1949,California,14,41
1949-11-19,1949,Oregon State,10,20
1950-09-23,1950,UCLA,0,28
1950-09-30,1950,California,7,28
1950-10-07,1950,Montana,21,13
1950-10-14,1950,Idaho,0,14
1950-10-21,1950,St. Mary's,13,18
1950-10-28,1950,Southern California,21,30
1950-11-04,1950,Washington State,13,21
1950-11-11,1950,Washington,13,27
1950-11-18,1950,Colorado,7,21
1950-11-25,1950,Oregon State,2,14
1951-09-22,1951,Stanford,20,27
1951-09-29,1951,Arizona,39,21
1951-10-06,1951,Pacific,6,34
1951-10-13,1951,Washington,6,63
1951-10-20,1951,UCLA,0,41
1951-10-27,1951,Washington State,6,41
1951-11-03,1951,Idaho,14,13
1951-11-10,1951,Boston University,6,35
1951-11-17,1951,California,26,28
1951-11-24,1951,Oregon State,7,14
1952-09-20,1952,UCLA,6,13
1952-09-27,1952,Nebraska,13,28
1952-10-04,1952,Idaho,20,14
1952-10-11,1952,California,7,41
1952-10-18,1952,Washington,0,49
1952-10-25,1952,Montana,14,14
1952-11-01,1952,Pacific,6,14
1952-11-08,1952,Washington State,6,19
1952-11-15,1952,Stanford,21,20
1952-11-22,1952,Oregon State,19,22
1953-09-19,1953,Nebraska,20,12
1953-09-26,1953,Stanford,0,7
1953-10-03,1953,UCLA,0,12
1953-10-10,1953,Washington State,0,7
1953-10-17,1953,Washington,6,14
1953-10-24,1953,San Jose State,26,13
1953-10-31,1953,Southern California,13,7
1953-11-07,1953,Idaho,26,6
1953-11-14,1953,California,0,0
1953-11-21,1953,Oregon State,0,7
1954-09-18,1954,Idaho,41,0
1954-09-25,1954,Stanford,13,18
1954-10-02,1954,Utah,6,7
1954-10-09,1954,California,33,27
1954-10-16,1954,Southern California,14,24
1954-10-23,1954,San Jose State,26,7
1954-10-30,1954,Washington,26,7
1954-11-06,1954,UCLA,0,41
1954-11-13,1954,Washington State,26,14
1954-11-20,1954,Oregon State,33,14
1955-09-17,1955,Utah,14,13
1955-09-23,1955,Southern California,15,42
1955-10-01,1955,Washington,7,19
1955-10-08,1955,Colorado,6,13
1955-10-15,1955,California,21,0
1955-10-22,1955,Arizona,46,27
1955-10-29,1955,Idaho,25,0
1955-11-05,1955,Washington State,35,0
1955-11-12,1955,Stanford,7,44
1955-11-19,1955,Oregon State,28,0
1956-09-22,1956,Colorado,35,0
1956-09-29,1956,Idaho,21,14
1956-10-05,1956,UCLA,0,6
1956-10-13,1956,Washington,7,20
1956-10-20,1956,Stanford,7,21
1956-10-27,1956,Pittsburgh,7,14
1956-11-03,1956,California,28,6
1956-11-10,1956,Washington State,7,7
1956-11-17,1956,Southern California,7,0
1956-11-24,1956,Oregon State,14,14
1957-09-21,1957,Idaho,9,6
1957-09-28,1957,Pittsburgh,3,6
1957-10-05,1957,UCLA,21,0
1957-10-12,1957,San Jose State,26,0
1957-10-19,1957,Washington State,14,13
1957-10-26,1957,California,24,6
1957-11-02,1957,Stanford,27,26
1957-11-09,1957,Washington,6,13
1957-11-16,1957,Southern California,16,7
1957-11-23,1957,Oregon State,7,10
1958-01-01,1957,Ohio State,7,10
1958-09-20,1958,Idaho,27,0
1958-10-04,1958,Oklahoma,0,6
1958-10-11,1958,Southern California,25,0
1958-10-18,1958,Washington State,0,6
1958-10-25,1958,California,6,23
1958-11-01,1958,Washington,0,6
1958-11-08,1958,Stanford,12,0
1958-11-15,1958,UCLA,3,7
1958-11-22,1958,Oregon State,20,0
1958-12-06,1958,Miami,0,2
1959-09-19,1959,Stanford,28,27
1959-09-26,1959,Utah,21,6
1959-10-03,1959,Washington State,14,6
1959-10-09,1959,San Jose State,35,12
1959-10-17,1959,Air Force,20,3
1959-10-24,1959,Washington,12,13
1959-10-31,1959,Idaho,45,7
1959-11-07,1959,California,20,18
1959-11-14,1959,Washington State,7,6
1959-11-21,1959,Oregon State,7,15
1960-09-17,1960,Idaho,33,6
1960-09-24,1960,Michigan,0,21
1960-10-01,1960,Utah,20,17
1960-10-08,1960,San Jose State,33,0
1960-10-15,1960,Washington State,21,12
1960-10-22,1960,California,20,0
1960-10-29,1960,Washington,6,7
1960-11-05,1960,Stanford,27,6
1960-11-12,1960,West Virginia,20,6
1960-11-19,1960,Oregon State,14,14
1960-12-17,1960,Penn State,12,41
1961-09-23,1961,Idaho,51,0
1961-09-30,1961,Utah,6,14
1961-10-07,1961,Minnesota,7,14
1961-10-14,1961,Arizona,6,15
1961-10-21,1961,San Jose State,21,6
1961-10-28,1961,Washington,7,6
1961-11-04,1961,Stanford,19,7
1961-11-11,1961,Washington State,21,22
1961-11-18,1961,Ohio State,12,22
1961-11-25,1961,Oregon State,2,6
1962-09-22,1962,Texas,13,25
1962-09-29,1962,Utah,35,8
1962-10-06,1962,San Jose State,14,0
1962-10-13,1962,Rice,31,12
1962-10-20,1962,Air Force,35,20
1962-10-27,1962,Washington,21,21
1962-11-03,1962,Stanford,28,14
1962-11-10,1962,Washington State,28,10
1962-11-17,1962,Ohio State,7,26
1962-11-24,1962,Oregon State,17,20
1963-09-21,1963,Penn State,7,17
1963-09-28,1963,Stanford,36,7
1963-10-05,1963,West Virginia,35,0
1963-10-12,1963,Idaho,41,21
1963-10-19,1963,Arizona,28,12
1963-10-26,1963,Washington,19,26
1963-11-02,1963,San Jose State,7,13
1963-11-09,1963,Washington State,21,7
1963-11-16,1963,Indiana,28,22
1963-11-30,1963,Oregon State,31,14
1963-12-31,1963,Southern Methodist,21,14
1964-09-19,1964,Brigham Young,20,13
1964-09-26,1964,Pittsburgh,22,13
1964-10-03,1964,Penn State,22,14
1964-10-10,1964,Idaho,14,8
1964-10-17,1964,Arizona,21,0
1964-10-24,1964,Washington,7,0
1964-10-31,1964,Stanford,8,10
1964-11-07,1964,Washington State,21,21
1964-11-14,1964,Indiana,29,21
1964-11-21,1964,Oregon State,6,7
1965-09-18,1965,Pittsburgh,17,15
1965-09-25,1965,Utah,31,14
1965-10-02,1965,Brigham Young,27,14
1965-10-09,1965,Stanford,14,17
1965-10-16,1965,Air Force,18,18
1965-10-23,1965,Washington,20,24
1965-10-30,1965,Idaho,17,14
1965-11-06,1965,Washington State,7,27
1965-11-13,1965,California,0,24
1965-11-20,1965,Oregon State,14,19
1966-09-17,1966,Oklahoma,0,17
1966-09-24,1966,Utah,14,17
1966-10-01,1966,San Jose State,7,21
1966-10-08,1966,Stanford,7,3
1966-10-15,1966,Air Force,17,6
1966-10-22,1966,Washington,7,10
1966-10-29,1966,Idaho,28,7
1966-11-05,1966,Washington State,13,14
1966-11-12,1966,Arizona State,10,14
1966-11-19,1966,Oregon State,15,20
1967-09-16,1967,California,13,21
1967-09-23,1967,Colorado,13,17
1967-09-30,1967,Utah,0,21
1967-10-07,1967,Ohio State,0,30
1967-10-14,1967,Washington,0,26
1967-10-21,1967,Idaho,31,6
1967-10-28,1967,Southern California,6,28
1967-11-04,1967,Washington State,17,13
1967-11-11,1967,Stanford,14,17
1967-11-18,1967,Oregon State,10,14
1968-09-21,1968,Colorado,7,28
1968-09-28,1968,Stanford,12,28
1968-10-05,1968,Ohio State,6,21
1968-10-12,1968,Washington,3,0
1968-10-19,1968,Idaho,23,8
1968-10-26,1968,Utah,14,6
1968-11-02,1968,Southern California,13,20
1968-11-09,1968,Washington State,27,13
1968-11-16,1968,California,8,36
1968-11-23,1968,Oregon State,19,41
1969-09-20,1969,Utah,28,17
1969-09-27,1969,Stanford,0,28
1969-10-04,1969,Washington State,25,24
1969-10-11,1969,San Jose State,34,36
1969-10-18,1969,Air Force,13,60
1969-10-25,1969,Washington,22,7
1969-11-01,1969,Idaho,58,14
1969-11-08,1969,Army,17,17
1969-11-15,1969,UCLA,10,13
1969-11-22,1969,Oregon State,7,10
1969-11-29,1969,Hawaii,57,16
1970-09-12,1970,California,31,24
1970-09-19,1970,Illinois,16,20
1970-09-26,1970,Stanford,10,33
1970-10-03,1970,Washington State,28,13
1970-10-10,1970,UCLA,41,40
1970-10-17,1970,Idaho,49,13
1970-10-24,1970,Southern California,10,7
1970-10-31,1970,Washington,23,25
1970-11-07,1970,Air Force,46,35
1970-11-14,1970,Army,22,22
1970-11-21,1970,Oregon State,9,24
1971-09-11,1971,Nebraska,7,34
1971-09-18,1971,Utah,36,29
1971-09-25,1971,Stanford,17,38
1971-10-02,1971,Texas,7,35
1971-10-09,1971,Southern California,28,23
1971-10-16,1971,Washington,23,21
1971-10-23,1971,San Jose State,34,14
1971-10-30,1971,Washington State,21,31
1971-11-06,1971,Air Force,23,14
1971-11-13,1971,California,10,17
1971-11-20,1971,Oregon State,29,30
1972-09-09,1972,Missouri,22,24
1972-09-16,1972,Arizona,34,7
1972-09-23,1972,Oklahoma,3,68
1972-09-29,1972,UCLA,20,65
1972-10-07,1972,Washington,17,23
1972-10-14,1972,Washington State,14,31
1972-10-21,1972,Stanford,15,13
1972-10-28,1972,Southern California,0,18
1972-11-04,1972,California,12,31
1972-11-11,1972,San Jose State,27,2
1972-11-18,1972,Oregon State,30,3
1973-09-15,1973,Arizona State,20,26
1973-09-22,1973,Air Force,17,24
1973-09-29,1973,Utah,17,35
1973-10-06,1973,Michigan,0,24
1973-10-13,1973,California,41,10
1973-10-20,1973,Southern California,10,31
1973-10-27,1973,Washington,58,0
1973-11-03,1973,Washington State,14,21
1973-11-10,1973,UCLA,7,27
1973-11-17,1973,Stanford,7,24
1973-11-24,1973,Oregon State,14,17
1974-09-14,1974,Nebraska,7,61
1974-09-21,1974,Air Force,27,23
1974-09-28,1974,Utah,23,16
1974-10-05,1974,Northwestern,10,14
1974-10-12,1974,California,10,40
1974-10-19,1974,Southern California,7,16
1974-10-26,1974,Washington,0,66
1974-11-02,1974,Washington State,16,21
1974-11-09,1974,UCLA,0,21
1974-11-16,1974,Stanford,0,17
1974-11-23,1974,Oregon State,16,35
1975-09-13,1975,Oklahoma,7,62
1975-09-20,1975,San Jose State,0,5
1975-09-27,1975,Minnesota,7,10
1975-10-04,1975,Washington,17,27
1975-10-11,1975,California,7,34
1975-10-18,1975,Southern California,3,17
1975-10-25,1975,Utah,18,7
1975-11-01,1975,Washington State,26,14
1975-11-08,1975,UCLA,17,50
1975-11-15,1975,Stanford,30,33
1975-11-22,1975,Oregon State,14,7
1976-09-11,1976,Colorado State,17,3
1976-09-18,1976,Southern California,0,53
1976-09-25,1976,Utah,21,13
1976-10-02,1976,Utah State,27,9
1976-10-09,1976,California,10,27
1976-10-16,1976,Notre Dame,0,41
1976-10-23,1976,Washington,7,14
1976-10-30,1976,Washington State,22,23
1976-11-06,1976,UCLA,0,46
1976-11-13,1976,Stanford,17,28
1976-11-20,1976,Oregon State,23,14
1977-09-10,1977,Georgia,16,27
1977-09-17,1977,Texas Christian,29,24
1977-09-24,1977,Wisconsin,10,22
1977-10-01,1977,Stanford,10,20
1977-10-08,1977,Washington,0,54
1977-10-15,1977,Southern California,15,33
1977-10-22,1977,Louisiana State,17,56
1977-10-29,1977,Washington State,20,56
1977-11-05,1977,UCLA,3,21
1977-11-12,1977,California,16,48
1977-11-19,1977,Oregon State,28,16
1978-09-09,1978,Colorado,7,24
1978-09-16,1978,Southern California,10,37
1978-09-23,1978,Texas Christian,10,14
1978-09-30,1978,Wisconsin,19,22
1978-10-07,1978,California,18,21
1978-10-14,1978,Brigham Young,16,17
1978-10-21,1978,Washington,14,20
1978-10-28,1978,Washington State,31,7
1978-11-04,1978,UCLA,21,23
1978-11-11,1978,Arizona,3,24
1978-11-25,1978,Oregon State,24,3
1979-09-08,1979,Colorado,33,19
1979-09-15,1979,Michigan State,17,41
1979-09-22,1979,Washington,17,21
1979-09-29,1979,Purdue,7,13
1979-10-06,1979,California,19,14
1979-10-13,1979,Arizona,13,24
1979-10-20,1979,Air Force,17,9
1979-10-27,1979,Washington State,37,26
1979-11-10,1979,Stanford,16,7
1979-11-17,1979,UCLA,0,35
1979-11-29,1979,Oregon State,24,3
1980-09-06,1980,Stanford,25,35
1980-09-13,1980,Kansas,7,7
1980-09-20,1980,Michigan State,35,7
1980-09-27,1980,Washington,34,10
1980-10-11,1980,California,6,31
1980-10-18,1980,Southern California,7,7
1980-10-25,1980,Nevada-Las Vegas,32,9
1980-11-01,1980,Washington State,20,10
1980-11-08,1980,UCLA,20,14
1980-11-15,1980,Oregon State,40,21
1980-11-22,1980,Arizona State,37,42
1981-09-05,1981,Fresno State,16,23
1981-09-12,1981,Kansas,10,19
1981-09-19,1981,Pacific,34,0
1981-09-26,1981,Washington,3,17
1981-10-10,1981,Arizona State,0,24
1981-10-17,1981,Arizona,14,18
1981-10-24,1981,Air Force,10,20
1981-10-31,1981,UCLA,11,28
1981-11-07,1981,Washington State,7,39
1981-11-14,1981,Stanford,3,42
1981-11-21,1981,Oregon State,47,17
1982-09-04,1982,Arizona State,3,34
1982-09-11,1982,San Jose State,13,18
1982-09-18,1982,Fresno State,4,10
1982-09-25,1982,Washington,21,37
1982-10-02,1982,Southern California,7,38
1982-10-16,1982,California,7,10
1982-10-23,1982,Notre Dame,13,13
1982-10-30,1982,UCLA,12,40
1982-11-06,1982,Washington State,3,10
1982-11-20,1982,Arizona,13,7
1982-11-27,1982,Oregon State,7,6
1983-09-03,1983,Pacific,15,21
1983-09-10,1983,Ohio State,6,31
1983-09-24,1983,Houston,15,14
1983-10-01,1983,San Jose State,34,44
1983-10-08,1983,California,24,17
1983-10-15,1983,Arizona,19,10
1983-10-22,1983,Washington,3,32
1983-10-29,1983,Washington State,7,24
1983-11-05,1983,UCLA,13,24
1983-11-12,1983,Stanford,16,7
1983-11-19,1983,Oregon State,0,0
1984-09-08,1984,Long Beach State,28,17
1984-09-15,1984,Colorado,27,20
1984-09-22,1984,California,21,14
1984-09-29,1984,Pacific,30,14
1984-10-06,1984,Arizona,14,28
1984-10-13,1984,Southern California,9,19
1984-10-20,1984,Washington,10,17
1984-10-27,1984,Washington State,41,50
1984-11-03,1984,UCLA,20,18
1984-11-10,1984,Arizona State,10,44
1984-11-17,1984,Oregon State,31,6
1985-08-31,1985,Washington State,42,39
1985-09-14,1985,Colorado,17,21
1985-09-21,1985,Stanford,45,28
1985-09-28,1985,Nebraska,0,63
1985-10-05,1985,Washington,13,19
1985-10-19,1985,California,24,27
1985-10-26,1985,San Diego State,49,37
1985-11-02,1985,San Jose State,35,13
1985-11-16,1985,Arizona,8,20
1985-11-23,1985,Oregon State,34,13
1985-11-30,1985,Southern California,6,20
1986-09-06,1986,San Jose State,21,14
1986-09-13,1986,Colorado,32,30
1986-09-20,1986,Arizona,17,41
1986-09-27,1986,Nebraska,14,48
1986-10-04,1986,Southern California,21,35
1986-10-11,1986,Arizona State,17,37
1986-10-18,1986,Stanford,7,41
1986-10-25,1986,Washington,3,38
1986-11-01,1986,California,27,9
1986-11-15,1986,Washington State,27,17
1986-11-22,1986,Oregon State,49,28
1987-09-12,1987,Colorado,10,7
1987-09-19,1987,Ohio State,14,24
1987-09-26,1987,San Diego State,25,20
1987-10-03,1987,Washington,29,22
1987-10-10,1987,Southern California,34,27
1987-10-17,1987,UCLA,10,41
1987-10-24,1987,Stanford,10,13
1987-10-31,1987,California,6,20
1987-11-07,1987,Arizona State,17,37
1987-11-14,1987,Washington State,31,17
1987-11-21,1987,Oregon State,44,0
1988-09-10,1988,Long Beach State,49,0
1988-09-17,1988,Washington State,43,28
1988-09-24,1988,Stanford,7,3
1988-10-01,1988,San Diego State,34,13
1988-10-08,1988,Southern California,14,42
1988-10-15,1988,Idaho State,52,7
1988-10-22,1988,Washington,17,14
1988-10-29,1988,Arizona State,20,21
1988-11-05,1988,UCLA,6,16
1988-11-12,1988,Arizona,27,41
1988-11-19,1988,Oregon State,10,21
1988-12-03,1988,Hawaii,17,41
1989-09-09,1989,California,35,19
1989-09-16,1989,Iowa,44,6
1989-09-23,1989,Stanford,17,18
1989-09-30,1989,Arizona,16,10
1989-10-07,1989,Washington State,38,51
1989-10-14,1989,Washington,14,20
1989-10-21,1989,Arizona State,27,7
1989-10-28,1989,Long Beach State,52,10
1989-11-04,1989,Brigham Young,41,45
1989-11-11,1989,UCLA,38,20
1989-11-18,1989,Oregon State,30,21
1989-12-16,1989,Tulsa,27,24
1990-09-08,1990,San Diego State,42,21
1990-09-15,1990,Idaho,55,23
1990-09-22,1990,Arizona,17,22
1990-09-29,1990,Brigham Young,32,16
1990-10-06,1990,Utah State,52,7
1990-10-13,1990,Washington,17,38
1990-10-20,1990,Arizona State,27,7
1990-10-27,1990,Stanford,31,0
1990-11-03,1990,UCLA,28,24
1990-11-10,1990,California,3,28
1990-11-17,1990,Oregon State,6,3
1990-12-29,1990,Colorado State,31,32
1991-09-07,1991,Washington State,40,14
1991-09-14,1991,Texas Tech,28,13
1991-09-21,1991,Utah,17,24
1991-09-28,1991,Southern California,14,30
1991-10-05,1991,New Mexico State,29,6
1991-10-12,1991,California,7,45
1991-10-26,1991,Washington,7,29
1991-11-02,1991,Stanford,13,33
1991-11-09,1991,Arizona State,21,24
1991-11-16,1991,UCLA,7,16
1991-11-23,1991,Oregon State,3,14
1992-09-05,1992,Hawaii,21,24
1992-09-12,1992,Stanford,7,21
1992-09-19,1992,Texas Tech,16,13
1992-09-26,1992,Nevada-Las Vegas,59,6
1992-10-03,1992,Arizona State,30,20
1992-10-10,1992,Southern California,10,32
1992-10-17,1992,Washington,3,24
1992-10-31,1992,Washington State,34,17
1992-11-07,1992,California,37,17
1992-11-14,1992,UCLA,6,9
1992-11-21,1992,Oregon State,7,0
1992-12-31,1992,Wake Forest,35,39
1993-09-04,1993,Colorado State,23,9
1993-09-11,1993,Montana,35,30
1993-09-25,1993,Illinois,13,7
1993-10-02,1993,California,41,42
1993-10-09,1993,Southern California,13,24
1993-10-16,1993,Arizona State,45,36
1993-10-23,1993,Washington,6,21
1993-10-30,1993,Washington State,46,23
1993-11-06,1993,Arizona,10,31
1993-11-13,1993,Stanford,34,38
1993-11-20,1993,Oregon State,12,15
1994-09-03,1994,Portland State,58,16
1994-09-10,1994,Hawaii,16,36
1994-09-17,1994,Utah,16,34
1994-09-24,1994,Iowa,40,18
1994-10-01,1994,Southern California,22,7
1994-10-08,1994,Washington State,7,21
1994-10-15,1994,California,23,7
1994-10-22,1994,Washington,31,20
1994-10-29,1994,Arizona,10,9
1994-11-05,1994,Arizona State,34,10
1994-11-12,1994,Stanford,55,21
1994-11-19,1994,Oregon State,17,13
1995-01-02,1994,Penn State,20,38
1995-09-02,1995,Utah,27,20
1995-09-09,1995,Illinois,34,31
1995-09-16,1995,UCLA,38,31
1995-09-23,1995,Stanford,21,28
1995-10-07,1995,Pacific,45,7
1995-10-14,1995,California,52,30
1995-10-21,1995,Washington State,26,7
1995-10-28,1995,Arizona State,24,35
1995-11-04,1995,Washington,24,22
1995-11-11,1995,Arizona,17,13
1995-11-18,1995,Oregon State,12,10
1996-01-01,1995,Colorado,6,38
1996-08-31,1996,Fresno State,30,27
1996-09-07,1996,Nevada,44,30
1996-09-14,1996,Colorado State,35,28
1996-09-21,1996,Washington State,44,55
1996-09-28,1996,Arizona State,27,48
1996-10-05,1996,UCLA,22,41
1996-10-12,1996,Stanford,24,27
1996-10-26,1996,Washington,14,33
1996-11-09,1996,Arizona,49,31
1996-11-16,1996,California,40,23
1996-11-23,1996,Oregon State,49,13
1997-09-04,1997,Arizona,16,9
1997-09-13,1997,Nevada,24,20
1997-09-20,1997,Fresno State,43,40
1997-09-27,1997,Stanford,49,58
1997-10-04,1997,Washington State,13,24
1997-10-11,1997,UCLA,31,39
1997-10-18,1997,Utah,31,13
1997-10-25,1997,Southern California,22,24
1997-11-08,1997,Washington,31,28
1997-11-15,1997,Arizona State,31,52
1997-11-22,1997,Oregon State,48,30
1997-12-20,1997,Air Force,41,13
1998-09-05,1998,Michigan State,48,14
1998-09-12,1998,Texas-El Paso,33,26
1998-09-19,1998,San Jose State,58,3
1998-09-26,1998,Stanford,63,28
1998-10-10,1998,Washington State,51,29
1998-10-17,1998,UCLA,38,41
1998-10-24,1998,Southern California,17,13
1998-10-31,1998,Arizona,3,38
1998-11-07,1998,Washington,27,22
1998-11-14,1998,Arizona State,51,19
1998-11-21,1998,Oregon State,41,44
1998-12-25,1998,Colorado,43,51
1999-09-02,1999,Michigan State,20,27
1999-09-11,1999,Texas-El Paso,47,28
1999-09-18,1999,Nevada,72,10
1999-09-25,1999,Southern California,33,30
1999-10-02,1999,Washington,20,34
1999-10-09,1999,UCLA,29,34
1999-10-23,1999,Arizona,44,41
1999-10-30,1999,Arizona State,20,17
1999-11-06,1999,Washington State,52,10
1999-11-13,1999,California,24,19
1999-11-20,1999,Oregon State,25,14
1999-12-31,1999,Minnesota,24,20
2000-09-02,2000,Nevada,36,7
2000-09-09,2000,Wisconsin,23,27
2000-09-16,2000,Idaho,42,13
2000-09-23,2000,UCLA,29,10
2000-09-30,2000,Washington,23,16
2000-10-14,2000,Southern California,28,17
2000-10-21,2000,Arizona,14,10
2000-10-28,2000,Arizona State,56,55
2000-11-04,2000,Washington State,27,24
2000-11-11,2000,California,25,17
2000-11-18,2000,Oregon State,13,23
2000-12-29,2000,Texas,35,30
2001-09-01,2001,Wisconsin,31,28
2001-09-08,2001,Utah,24,10
2001-09-22,2001,Southern California,24,22
2001-09-29,2001,Utah State,38,21
2001-10-06,2001,Arizona,63,28
2001-10-13,2001,California,48,7
2001-10-20,2001,Stanford,42,49
2001-10-27,2001,Washington State,24,17
2001-11-03,2001,Arizona State,42,24
2001-11-10,2001,UCLA,21,20
2001-12-01,2001,Oregon State,17,14
2002-01-01,2001,Colorado,38,16
2002-08-31,2002,Mississippi State,36,13
2002-09-07,2002,Fresno State,28,24
2002-09-14,2002,Idaho,58,21
2002-09-21,2002,Portland State,41,0
2002-10-05,2002,Arizona,31,14
2002-10-12,2002,UCLA,31,30
2002-10-19,2002,Arizona State,42,45
2002-10-26,2002,Southern California,33,44
2002-11-02,2002,Stanford,41,14
2002-11-09,2002,Washington State,21,32
2002-11-16,2002,Washington,14,42
2002-11-23,2002,Oregon State,24,45
2002-12-30,2002,Wake Forest,17,38
2003-08-30,2003,Mississippi State,42,34
2003-09-06,2003,Nevada,31,23
2003-09-13,2003,Arizona,48,10
2003-09-20,2003,Michigan,31,27
2003-09-27,2003,Washington State,16,55
2003-10-03,2003,Utah,13,17
2003-10-11,2003,Arizona State,14,59
2003-10-25,2003,Stanford,35,0
2003-11-01,2003,Washington,10,42
2003-11-08,2003,California,21,17
2003-11-15,2003,UCLA,31,13
2003-11-22,2003,Oregon State,34,20
2003-12-31,2003,Minnesota,30,31
2004-09-11,2004,Indiana,24,30
2004-09-18,2004,Oklahoma,7,31
2004-09-25,2004,Idaho,48,10
2004-10-02,2004,Arizona State,13,28
2004-10-09,2004,Washington State,41,38
2004-10-16,2004,Arizona,28,14
2004-10-23,2004,Stanford,16,13
2004-10-30,2004,Washington,31,6
2004-11-06,2004,California,27,28
2004-11-13,2004,UCLA,26,34
2004-11-20,2004,Oregon State,21,50
2005-09-01,2005,Houston,38,24
2005-09-10,2005,Montana,47,14
2005-09-17,2005,Fresno State,37,34
2005-09-24,2005,Southern California,13,45
2005-10-01,2005,Stanford,44,20
2005-10-08,2005,Arizona State,31,17
2005-10-15,2005,Washington,45,21
2005-10-22,2005,Arizona,28,21
2005-11-05,2005,California,27,20
2005-11-12,2005,Washington State,34,31
2005-11-19,2005,Oregon State,56,14
2005-12-29,2005,Oklahoma,14,17
2006-09-02,2006,Stanford,48,10
2006-09-09,2006,Fresno State,31,24
2006-09-16,2006,Oklahoma,34,33
2006-09-30,2006,Arizona State,48,13
2006-10-07,2006,California,24,45
2006-10-14,2006,UCLA,30,20
2006-10-21,2006,Washington State,23,34
2006-10-28,2006,Portland State,55,12
2006-11-04,2006,Washington,34,14
2006-11-11,2006,Southern California,10,35
2006-11-18,2006,Arizona,10,37
2006-11-24,2006,Oregon State,28,30
2006-12-21,2006,Brigham Young,8,38
2007-09-01,2007,Houston,48,27
2007-09-08,2007,Michigan,39,7
2007-09-15,2007,Fresno State,52,21
2007-09-22,2007,Stanford,55,31
2007-09-29,2007,California,24,31
2007-10-13,2007,Washington State,53,7
2007-10-20,2007,Washington,55,34
2007-10-27,2007,Southern California,24,17
2007-11-03,2007,Arizona State,35,23
2007-11-15,2007,Arizona,24,34
2007-11-24,2007,UCLA,0,16
2007-12-01,2007,Oregon State,31,38
2007-12-31,2007,South Florida,56,21
2008-08-30,2008,Washington,44,10
2008-09-06,2008,Utah State,66,24
2008-09-13,2008,Purdue,32,26
2008-09-20,2008,Boise State,32,37
2008-09-27,2008,Washington State,63,14
2008-10-04,2008,Southern California,10,44
2008-10-11,2008,UCLA,31,24
2008-10-25,2008,Arizona State,54,20
2008-11-01,2008,California,16,26
2008-11-08,2008,Stanford,35,28
2008-11-15,2008,Arizona,55,45
2008-11-29,2008,Oregon State,65,38
2008-12-30,2008,Oklahoma State,42,31
2009-09-03,2009,Boise State,8,19
2009-09-12,2009,Purdue,38,36
2009-09-19,2009,Utah,31,24
2009-09-26,2009,California,42,3
2009-10-03,2009,Washington State,52,6
2009-10-10,2009,UCLA,24,10
2009-10-24,2009,Washington,43,19
2009-10-31,2009,Southern California,47,20
2009-11-07,2009,Stanford,42,51
2009-11-14,2009,Arizona State,44,21
2009-11-21,2009,Arizona,44,41
2009-12-03,2009,Oregon State,37,33
2010-01-01,2009,Ohio State,17,26
2010-09-04,2010,New Mexico,72,0
2010-09-11,2010,Tennessee,48,13
2010-09-18,2010,Portland State,69,0
2010-09-25,2010,Arizona State,42,31
2010-10-02,2010,Stanford,52,31
2010-10-09,2010,Washington State,43,23
2010-10-21,2010,UCLA,60,13
2010-10-30,2010,Southern California,53,32
2010-11-06,2010,Washington,53,16
2010-11-13,2010,California,15,13
2010-11-26,2010,Arizona,48,29
2010-12-04,2010,Oregon State,37,20
2011-01-10,2010,Auburn,19,22
2011-09-03,2011,Louisiana State,27,40
2011-09-10,2011,Nevada,69,20
2011-09-17,2011,Missouri State,56,7
2011-09-24,2011,Arizona,56,31
2011-10-06,2011,California,43,15
2011-10-15,2011,Arizona State,41,27
2011-10-22,2011,Colorado,45,2
2011-10-29,2011,Washington State,43,28
2011-11-05,2011,Washington,34,17
2011-11-12,2011,Stanford,53,30
2011-11-19,2011,Southern California,35,38
2011-11-26,2011,Oregon State,49,21
2011-12-02,2011,UCLA,49,31
2012-01-02,2011,Wisconsin,45,38
2012-09-01,2012,Arkansas State,57,34
2012-09-08,2012,Fresno State,42,25
2012-09-15,2012,Tennessee Tech,63,14
2012-09-22,2012,Arizona,49,0
2012-09-29,2012,Washington State,51,26
2012-10-06,2012,Washington,52,21
2012-10-18,2012,Arizona State,43,21
2012-10-27,2012,Colorado,70,14
2012-11-03,2012,Southern California,62,51
2012-11-10,2012,California,59,17
2012-11-17,2012,Stanford,14,17
2012-11-24,2012,Oregon State,48,24
2013-01-03,2012,Kansas State,35,17
2013-08-31,2013,Nicholls State,66,3
2013-09-07,2013,Virginia,59,10
2013-09-14,2013,Tennessee,59,14
2013-09-28,2013,California,55,16
2013-10-05,2013,Colorado,57,16
2013-10-12,2013,Washington,45,24
2013-10-19,2013,Washington State,62,38
2013-10-26,2013,UCLA,42,14
2013-11-07,2013,Stanford,20,26
2013-11-16,2013,Utah,44,21
2013-11-23,2013,Arizona,16,42
2013-11-29,2013,Oregon State,36,35
2013-12-30,2013,Texas,30,7
2014-08-30,2014,South Dakota,62,13
2014-09-06,2014,Michigan State,46,27
2014-09-13,2014,Wyoming,48,14
2014-09-20,2014,Washington State,38,31
2014-10-02,2014,Arizona,24,31
2014-10-11,2014,UCLA,42,30
2014-10-18,2014,Washington,45,20
2014-10-24,2014,California,59,41
2014-11-01,2014,Stanford,45,16
2014-11-08,2014,Utah,51,27
2014-11-22,2014,Colorado,44,10
2014-11-29,2014,Oregon State,47,19
2014-12-05,2014,Arizona,51,13
2015-01-01,2014,Florida State,59,20
2015-01-12,2014,Ohio State,20,42
2015-09-05,2015,Eastern Washington,61,42
2015-09-12,2015,Michigan State,28,31
2015-09-19,2015,Georgia State,61,28
2015-09-26,2015,Utah,20,62
2015-10-03,2015,Colorado,41,24
2015-10-10,2015,Washington State,38,45
2015-10-17,2015,Washington,26,20
2015-10-29,2015,Arizona State,61,55
2015-11-07,2015,California,44,28
2015-11-14,2015,Stanford,38,36
2015-11-21,2015,Southern California,48,28
2015-11-27,2015,Oregon State,52,42
2016-01-02,2015,Texas Christian,41,47
2016-09-03,2016,California-Davis,53,28
2016-09-10,2016,Virginia,44,26
2016-09-17,2016,Nebraska,32,35
2016-09-24,2016,Colorado,38,41
2016-10-01,2016,Washington State,33,51
2016-10-08,2016,Washington,21,70
2016-10-21,2016,California,49,52
2016-10-29,2016,Arizona State,54,35
2016-11-05,2016,Southern California,20,45
2016-11-12,2016,Stanford,27,52
2016-11-19,2016,Utah,30,28
2016-11-26,2016,Oregon State,24,34
2017-09-02,2017,Southern Utah,77,21
2017-09-09,2017,Nebraska,42,35
2017-09-16,2017,Wyoming,49,13
2017-09-23,2017,Arizona State,35,37
2017-09-30,2017,California,45,24
2017-10-07,2017,Washington State,10,33
2017-10-14,2017,Stanford,7,49
2017-10-21,2017,UCLA,14,31
2017-10-28,2017,Utah,41,20
2017-11-04,2017,Washington,3,38
2017-11-18,2017,Arizona,48,28
2017-11-25,2017,Oregon State,69,10
2017-12-16,2017,Boise State,28,38
2018-09-01,2018,Bowling Green,58,24
2018-09-08,2018,Portland State,62,14
2018-09-15,2018,San Jose St,35,22
2018-09-22,2018,Stanford,31,38
2018-09-29,2018,California,42,24
2018-10-13,2018,Washington,30,27
2018-10-20,2018,Washington State,20,34
2018-10-27,2018,Arizona,15,44
2018-11-03,2018,UCLA,42,21
2018-11-10,2018,Utah,25,32
2018-11-17,2018,Arizona State,31,29
2018-11-23,2018,Oregon State,55,15
2018-12-31,2018,Michigan State,7,6
